Run,BioSample,SampleName,LibraryName,LibraryStrategy,LibrarySource,LibraryLayout,Platform,Model,spots,bases,avgLength,size_MB,download_path
SRR14530889,SAMN19168003,HTP_11_24_2020_INF_unenriched,HTP_11_24_2020_INF_unenriched,RNA-Seq,METATRANSCRIPTOMIC,PAIRED,ILLUMINA,Illumina NovaSeq 6000,11045877,2231267154,202,633,https://sra-downloadb.be-md.ncbi.nlm.nih.gov/sos8/sra-pub-zq-818/SRR014/14530/SRR14530889/SRR14530889.lite.1
SRR14530890,SAMN19168002,HTP_11_17_2020_INF_unenriched,HTP_11_17_2020_INF_unenriched,RNA-Seq,METATRANSCRIPTOMIC,PAIRED,ILLUMINA,Illumina NovaSeq 6000,16394657,3311720714,202,942,https://sra-downloadb.be-md.ncbi.nlm.nih.gov/sos8/sra-pub-zq-818/SRR014/14530/SRR14530890/SRR14530890.lite.1
SRR14530891,SAMN19168001,HTP_01_03_2021_INF_unenriched,HTP_01_03_2021_INF_unenriched,RNA-Seq,METATRANSCRIPTOMIC,PAIRED,ILLUMINA,Illumina NovaSeq 6000,9626457,1944544314,202,574,https://sra-downloadb.be-md.ncbi.nlm.nih.gov/sos8/sra-pub-zq-818/SRR014/14530/SRR14530891/SRR14530891.lite.1
SRR14530888,SAMN19168004,HTP_11_3_2020_INF_unenriched,HTP_11_3_2020_INF_unenriched,RNA-Seq,METATRANSCRIPTOMIC,PAIRED,ILLUMINA,Illumina NovaSeq 6000,11534523,2329973646,202,663,https://sra-downloadb.be-md.ncbi.nlm.nih.gov/sos8/sra-pub-zq-818/SRR014/14530/SRR14530888/SRR14530888.lite.1
SRR14530887,SAMN19168005,HTP_12_01_2020_INF_unenriched,HTP_12_01_2020_INF_unenriched,RNA-Seq,METATRANSCRIPTOMIC,PAIRED,ILLUMINA,Illumina NovaSeq 6000,11912829,2406391458,202,688,https://sra-downloadb.be-md.ncbi.nlm.nih.gov/sos8/sra-pub-zq-818/SRR014/14530/SRR14530887/SRR14530887.lite.1
SRR14530886,SAMN19168006,HTP_12_04_2020_INF_unenriched,HTP_12_04_2020_INF_unenriched,RNA-Seq,METATRANSCRIPTOMIC,PAIRED,ILLUMINA,Illumina NovaSeq 6000,10874604,2196670008,202,622,https://sra-downloadb.be-md.ncbi.nlm.nih.gov/sos8/sra-pub-zq-818/SRR014/14530/SRR14530886/SRR14530886.lite.1
SRR14530885,SAMN19168007,HTP_12_15_2020_INF_unenriched,HTP_12_15_2020_INF_unenriched,RNA-Seq,METATRANSCRIPTOMIC,PAIRED,ILLUMINA,Illumina NovaSeq 6000,11960233,2415967066,202,689,https://sra-downloadb.be-md.ncbi.nlm.nih.gov/sos8/sra-pub-zq-818/SRR014/14530/SRR14530885/SRR14530885.lite.1
SRR14530884,SAMN19168008,HTP_12_22_2020_INF_unenriched,HTP_12_22_2020_INF_unenriched,RNA-Seq,METATRANSCRIPTOMIC,PAIRED,ILLUMINA,Illumina NovaSeq 6000,8861526,1790028252,202,514,https://sra-downloadb.be-md.ncbi.nlm.nih.gov/sos8/sra-pub-zq-818/SRR014/14530/SRR14530884/SRR14530884.lite.1
SRR14530882,SAMN19168009,HTP_12_29_2020_INF_unenriched,HTP_12_29_2020_INF_unenriched,RNA-Seq,METATRANSCRIPTOMIC,PAIRED,ILLUMINA,Illumina NovaSeq 6000,11504066,2323821332,202,764,https://sra-downloadb.be-md.ncbi.nlm.nih.gov/sos8/sra-pub-zq-818/SRR014/14530/SRR14530882/SRR14530882.lite.1
SRR14530881,SAMN19168010,HTP_9_22_2020_INF_unenriched,HTP_9_22_2020_INF_unenriched,RNA-Seq,METATRANSCRIPTOMIC,PAIRED,ILLUMINA,Illumina NovaSeq 6000,12904150,2606638300,202,747,https://sra-downloadb.be-md.ncbi.nlm.nih.gov/sos8/sra-pub-zq-818/SRR014/14530/SRR14530881/SRR14530881.lite.1
SRR14530880,SAMN19168011,HTP_9_29_2020_INF_unenriched,HTP_9_29_2020_INF_unenriched,RNA-Seq,METATRANSCRIPTOMIC,PAIRED,ILLUMINA,Illumina NovaSeq 6000,13626688,2752590976,202,783,https://sra-downloadb.be-md.ncbi.nlm.nih.gov/sos8/sra-pub-zq-818/SRR014/14530/SRR14530880/SRR14530880.lite.1
SRR14530849,SAMN19168039,HTP_01_03_2021,HTP_01_03_2021,Targeted-Capture,METATRANSCRIPTOMIC,PAIRED,ILLUMINA,Illumina NovaSeq 6000,990379,200056558,202,60,https://sra-downloadb.be-md.ncbi.nlm.nih.gov/sos8/sra-pub-zq-818/SRR014/14530/SRR14530849/SRR14530849.lite.1
SRR14530848,SAMN19168040,HTP_11_24_2020,HTP_11_24_2020,Targeted-Capture,METATRANSCRIPTOMIC,PAIRED,ILLUMINA,Illumina NovaSeq 6000,1479324,298823448,202,85,https://sra-downloadb.be-md.ncbi.nlm.nih.gov/sos8/sra-pub-zq-818/SRR014/14530/SRR14530848/SRR14530848.lite.1
SRR14530847,SAMN19168041,HTP_11_3_2020,HTP_11_3_2020,Targeted-Capture,METATRANSCRIPTOMIC,PAIRED,ILLUMINA,Illumina NovaSeq 6000,1073151,216776502,202,62,https://sra-downloadb.be-md.ncbi.nlm.nih.gov/sos8/sra-pub-zq-818/SRR014/14530/SRR14530847/SRR14530847.lite.1
SRR14530846,SAMN19168042,HTP_12_04_2020,HTP_12_04_2020,Targeted-Capture,METATRANSCRIPTOMIC,PAIRED,ILLUMINA,Illumina NovaSeq 6000,1264824,255494448,202,73,https://sra-downloadb.be-md.ncbi.nlm.nih.gov/sos8/sra-pub-zq-818/SRR014/14530/SRR14530846/SRR14530846.lite.1
SRR14530845,SAMN19168043,HTP_12_22_2020,HTP_12_22_2020,Targeted-Capture,METATRANSCRIPTOMIC,PAIRED,ILLUMINA,Illumina NovaSeq 6000,1298420,262280840,202,76,https://sra-downloadb.be-md.ncbi.nlm.nih.gov/sos8/sra-pub-zq-818/SRR014/14530/SRR14530845/SRR14530845.lite.1
SRR14530844,SAMN19168044,HTP_12_29_2020,HTP_12_29_2020,Targeted-Capture,METATRANSCRIPTOMIC,PAIRED,ILLUMINA,Illumina NovaSeq 6000,1142935,230872870,202,77,https://sra-downloadb.be-md.ncbi.nlm.nih.gov/sos8/sra-pub-zq-818/SRR014/14530/SRR14530844/SRR14530844.lite.1
SRR14530843,SAMN19168045,HTP_9_22_2020,HTP_9_22_2020,Targeted-Capture,METATRANSCRIPTOMIC,PAIRED,ILLUMINA,Illumina NovaSeq 6000,1294643,261517886,202,75,https://sra-downloadb.be-md.ncbi.nlm.nih.gov/sos8/sra-pub-zq-818/SRR014/14530/SRR14530843/SRR14530843.lite.1
SRR14530842,SAMN19168046,HTP_9_29_2020,HTP_9_29_2020,Targeted-Capture,METATRANSCRIPTOMIC,PAIRED,ILLUMINA,Illumina NovaSeq 6000,1603711,323949622,202,93,https://sra-downloadb.be-md.ncbi.nlm.nih.gov/sos8/sra-pub-zq-818/SRR014/14530/SRR14530842/SRR14530842.lite.1
SRR14530820,SAMN19167889,HTP_10_02_2020,HTP_10_02_2020,Targeted-Capture,METATRANSCRIPTOMIC,PAIRED,ILLUMINA,Illumina NovaSeq 6000,3441208,1039244816,302,317,https://sra-downloadb.be-md.ncbi.nlm.nih.gov/sos8/sra-pub-zq-818/SRR014/14530/SRR14530820/SRR14530820.lite.1
SRR14530819,SAMN19167890,HTP_10_13_2020,HTP_10_13_2020,Targeted-Capture,METATRANSCRIPTOMIC,PAIRED,ILLUMINA,Illumina NovaSeq 6000,3357535,1013975570,302,310,https://sra-downloadb.be-md.ncbi.nlm.nih.gov/sos8/sra-pub-zq-818/SRR014/14530/SRR14530819/SRR14530819.lite.1
SRR14530812,SAMN19167891,HTP_10_20_2020,HTP_10_20_2020,Targeted-Capture,METATRANSCRIPTOMIC,PAIRED,ILLUMINA,Illumina NovaSeq 6000,3094229,934457158,302,285,https://sra-downloadb.be-md.ncbi.nlm.nih.gov/sos8/sra-pub-zq-818/SRR014/14530/SRR14530812/SRR14530812.lite.1
SRR14530801,SAMN19167892,HTP_10_27_2020,HTP_10_27_2020,Targeted-Capture,METATRANSCRIPTOMIC,PAIRED,ILLUMINA,Illumina NovaSeq 6000,3477646,1050249092,302,322,https://sra-downloadb.be-md.ncbi.nlm.nih.gov/sos8/sra-pub-zq-818/SRR014/14530/SRR14530801/SRR14530801.lite.1
SRR14530790,SAMN19167893,HTP_8_11_2020,HTP_8_11_2020,Targeted-Capture,METATRANSCRIPTOMIC,PAIRED,ILLUMINA,Illumina NovaSeq 6000,1901768,574333936,302,177,https://sra-downloadb.be-md.ncbi.nlm.nih.gov/sos8/sra-pub-zq-818/SRR014/14530/SRR14530790/SRR14530790.lite.1
SRR14530779,SAMN19167894,HTP_8_18_2020,HTP_8_18_2020,Targeted-Capture,METATRANSCRIPTOMIC,PAIRED,ILLUMINA,Illumina NovaSeq 6000,3810545,1150784590,302,357,https://sra-downloadb.be-md.ncbi.nlm.nih.gov/sos8/sra-pub-zq-818/SRR014/14530/SRR14530779/SRR14530779.lite.1
SRR14530772,SAMN19167945,HTP_10_02_2020_INF_unenriched,HTP_10_02_2020_INF_unenriched,RNA-Seq,METATRANSCRIPTOMIC,PAIRED,ILLUMINA,Illumina NovaSeq 6000,4595209,1387753118,302,463,https://sra-downloadb.be-md.ncbi.nlm.nih.gov/sos8/sra-pub-zq-818/SRR014/14530/SRR14530772/SRR14530772.lite.1
SRR14530771,SAMN19167946,HTP_10_13_2020_INF_unenriched,HTP_10_13_2020_INF_unenriched,RNA-Seq,METATRANSCRIPTOMIC,PAIRED,ILLUMINA,Illumina NovaSeq 6000,2179170,658109340,302,214,https://sra-downloadb.be-md.ncbi.nlm.nih.gov/sos8/sra-pub-zq-818/SRR014/14530/SRR14530771/SRR14530771.lite.1
SRR14530770,SAMN19167947,HTP_10_20_2020_INF_unenriched,HTP_10_20_2020_INF_unenriched,RNA-Seq,METATRANSCRIPTOMIC,PAIRED,ILLUMINA,Illumina NovaSeq 6000,4350744,1313924688,302,440,https://sra-downloadb.be-md.ncbi.nlm.nih.gov/sos8/sra-pub-zq-818/SRR014/14530/SRR14530770/SRR14530770.lite.1
SRR14530769,SAMN19167948,HTP_10_27_2020_INF_unenriched,HTP_10_27_2020_INF_unenriched,RNA-Seq,METATRANSCRIPTOMIC,PAIRED,ILLUMINA,Illumina NovaSeq 6000,4215471,1273072242,302,430,https://sra-downloadb.be-md.ncbi.nlm.nih.gov/sos8/sra-pub-zq-818/SRR014/14530/SRR14530769/SRR14530769.lite.1
SRR14530767,SAMN19167949,HTP_8_11_2020_INF_unenriched,HTP_8_11_2020_INF_unenriched,RNA-Seq,METATRANSCRIPTOMIC,PAIRED,ILLUMINA,Illumina NovaSeq 6000,3318348,1002141096,302,338,https://sra-downloadb.be-md.ncbi.nlm.nih.gov/sos8/sra-pub-zq-818/SRR014/14530/SRR14530767/SRR14530767.lite.1
SRR14530766,SAMN19167950,HTP_8_18_2020_INF_unenriched,HTP_8_18_2020_INF_unenriched,RNA-Seq,METATRANSCRIPTOMIC,PAIRED,ILLUMINA,Illumina NovaSeq 6000,2800039,845611778,302,281,https://sra-downloadb.be-md.ncbi.nlm.nih.gov/sos8/sra-pub-zq-818/SRR014/14530/SRR14530766/SRR14530766.lite.1
SRR14530768,SAMN19167895,HTP_8_25_2020,HTP_8_25_2020,Targeted-Capture,METATRANSCRIPTOMIC,PAIRED,ILLUMINA,Illumina NovaSeq 6000,4066111,1227965522,302,368,https://sra-downloadb.be-md.ncbi.nlm.nih.gov/sos8/sra-pub-zq-818/SRR014/14530/SRR14530768/SRR14530768.lite.1
SRR14530765,SAMN19167951,HTP_8_25_2020_INF_unenriched,HTP_8_25_2020_INF_unenriched,RNA-Seq,METATRANSCRIPTOMIC,PAIRED,ILLUMINA,Illumina NovaSeq 6000,3486258,1052849916,302,342,https://sra-downloadb.be-md.ncbi.nlm.nih.gov/sos8/sra-pub-zq-818/SRR014/14530/SRR14530765/SRR14530765.lite.1
SRR14530764,SAMN19167952,HTP_9_01_2020_INF_unenriched,HTP_9_01_2020_INF_unenriched,RNA-Seq,METATRANSCRIPTOMIC,PAIRED,ILLUMINA,Illumina NovaSeq 6000,3604679,1088613058,302,366,https://sra-downloadb.be-md.ncbi.nlm.nih.gov/sos8/sra-pub-zq-818/SRR014/14530/SRR14530764/SRR14530764.lite.1
SRR14530763,SAMN19167953,HTP_9_08_2020_INF_unenriched,HTP_9_08_2020_INF_unenriched,RNA-Seq,METATRANSCRIPTOMIC,PAIRED,ILLUMINA,Illumina NovaSeq 6000,3551002,1072402604,302,362,https://sra-downloadb.be-md.ncbi.nlm.nih.gov/sos8/sra-pub-zq-818/SRR014/14530/SRR14530763/SRR14530763.lite.1
SRR14530762,SAMN19167954,HTP_9_15_2020_INF_unenriched,HTP_9_15_2020_INF_unenriched,RNA-Seq,METATRANSCRIPTOMIC,PAIRED,ILLUMINA,Illumina NovaSeq 6000,3579700,1081069400,302,360,https://sra-downloadb.be-md.ncbi.nlm.nih.gov/sos8/sra-pub-zq-818/SRR014/14530/SRR14530762/SRR14530762.lite.1
SRR14530757,SAMN19167896,HTP_9_01_2020,HTP_9_01_2020,Targeted-Capture,METATRANSCRIPTOMIC,PAIRED,ILLUMINA,Illumina NovaSeq 6000,4286417,1294497934,302,401,https://sra-downloadb.be-md.ncbi.nlm.nih.gov/sos8/sra-pub-zq-818/SRR014/14530/SRR14530757/SRR14530757.lite.1
SRR14530746,SAMN19167897,HTP_9_08_2020,HTP_9_08_2020,Targeted-Capture,METATRANSCRIPTOMIC,PAIRED,ILLUMINA,Illumina NovaSeq 6000,3233824,976614848,302,301,https://sra-downloadb.be-md.ncbi.nlm.nih.gov/sos8/sra-pub-zq-818/SRR014/14530/SRR14530746/SRR14530746.lite.1
SRR14530735,SAMN19167898,HTP_9_15_2020,HTP_9_15_2020,Targeted-Capture,METATRANSCRIPTOMIC,PAIRED,ILLUMINA,Illumina NovaSeq 6000,2807360,847822720,302,258,https://sra-downloadb.be-md.ncbi.nlm.nih.gov/sos8/sra-pub-zq-818/SRR014/14530/SRR14530735/SRR14530735.lite.1
SRR18341133,SAMN26732548,HTP_5_9_2021,HTP_5_9_2021,RNA-Seq,METATRANSCRIPTOMIC,PAIRED,ILLUMINA,Illumina NovaSeq 6000,19219200,3882278400,202,1176,https://sra-downloadb.be-md.ncbi.nlm.nih.gov/sos9/sra-pub-zq-924/SRR018/18341/SRR18341133/SRR18341133.lite.1
SRR18341134,SAMN26732547,HTP_5_6_2021,HTP_5_6_2021,RNA-Seq,METATRANSCRIPTOMIC,PAIRED,ILLUMINA,Illumina NovaSeq 6000,18028259,3641708318,202,1088,https://sra-downloadb.be-md.ncbi.nlm.nih.gov/sos1/sra-pub-zq-38/SRR018/18341/SRR18341134/SRR18341134.lite.1
SRR18341131,SAMN26732550,HTP_6_10_2021,HTP_6_10_2021,RNA-Seq,METATRANSCRIPTOMIC,PAIRED,ILLUMINA,Illumina NovaSeq 6000,35441428,7159168456,202,2120,https://sra-downloadb.be-md.ncbi.nlm.nih.gov/sos1/sra-pub-zq-38/SRR018/18341/SRR18341131/SRR18341131.lite.1
SRR18341130,SAMN26732551,HTP_6_15_2021,HTP_6_15_2021,RNA-Seq,METATRANSCRIPTOMIC,PAIRED,ILLUMINA,Illumina NovaSeq 6000,28581122,5773386644,202,1732,https://sra-downloadb.be-md.ncbi.nlm.nih.gov/sos9/sra-pub-zq-924/SRR018/18341/SRR18341130/SRR18341130.lite.1
SRR18341132,SAMN26732549,HTP_6_1_2021,HTP_6_1_2021,RNA-Seq,METATRANSCRIPTOMIC,PAIRED,ILLUMINA,Illumina NovaSeq 6000,53966640,10901261280,202,3474,https://sra-downloadb.be-md.ncbi.nlm.nih.gov/sos9/sra-pub-zq-924/SRR018/18341/SRR18341132/SRR18341132.lite.1
SRR18341129,SAMN26732552,HTP_6_20_2021,HTP_6_20_2021,RNA-Seq,METATRANSCRIPTOMIC,PAIRED,ILLUMINA,Illumina NovaSeq 6000,28332194,5723103188,202,1736,https://sra-downloadb.be-md.ncbi.nlm.nih.gov/sos9/sra-pub-zq-924/SRR018/18341/SRR18341129/SRR18341129.lite.1
SRR18341128,SAMN26732553,HTP_6_24_2021,HTP_6_24_2021,RNA-Seq,METATRANSCRIPTOMIC,PAIRED,ILLUMINA,Illumina NovaSeq 6000,33680979,6803557758,202,2058,https://sra-downloadb.be-md.ncbi.nlm.nih.gov/sos9/sra-pub-zq-922/SRR018/18341/SRR18341128/SRR18341128.lite.1
SRR18341127,SAMN26732554,HTP_6_27_2021,HTP_6_27_2021,RNA-Seq,METATRANSCRIPTOMIC,PAIRED,ILLUMINA,Illumina NovaSeq 6000,45725584,9236567968,202,2760,https://sra-downloadb.be-md.ncbi.nlm.nih.gov/sos9/sra-pub-zq-924/SRR018/18341/SRR18341127/SRR18341127.lite.1
SRR18341126,SAMN26732555,HTP_6_3_2021,HTP_6_3_2021,RNA-Seq,METATRANSCRIPTOMIC,PAIRED,ILLUMINA,Illumina NovaSeq 6000,31242591,6311003382,202,1929,https://sra-downloadb.be-md.ncbi.nlm.nih.gov/sos9/sra-pub-zq-924/SRR018/18341/SRR18341126/SRR18341126.lite.1
SRR18341125,SAMN26732556,HTP_6_6_2021,HTP_6_6_2021,RNA-Seq,METATRANSCRIPTOMIC,PAIRED,ILLUMINA,Illumina NovaSeq 6000,50748094,10251114988,202,3102,https://sra-downloadb.be-md.ncbi.nlm.nih.gov/sos9/sra-pub-zq-924/SRR018/18341/SRR18341125/SRR18341125.lite.1
SRR18341123,SAMN26732557,HTP_7_1_2021,HTP_7_1_2021,RNA-Seq,METATRANSCRIPTOMIC,PAIRED,ILLUMINA,Illumina NovaSeq 6000,43201688,8726740976,202,2619,https://sra-downloadb.be-md.ncbi.nlm.nih.gov/sos1/sra-pub-zq-38/SRR018/18341/SRR18341123/SRR18341123.lite.1
SRR18341122,SAMN26732558,HTP_7_13_2021,HTP_7_13_2021,RNA-Seq,METATRANSCRIPTOMIC,PAIRED,ILLUMINA,Illumina NovaSeq 6000,29636432,5986559264,202,1789,https://sra-downloadb.be-md.ncbi.nlm.nih.gov/sos9/sra-pub-zq-924/SRR018/18341/SRR18341122/SRR18341122.lite.1
SRR18341121,SAMN26732559,HTP_7_15_2021,HTP_7_15_2021,RNA-Seq,METATRANSCRIPTOMIC,PAIRED,ILLUMINA,Illumina NovaSeq 6000,36078362,7287829124,202,2193,https://sra-downloadb.be-md.ncbi.nlm.nih.gov/sos1/sra-pub-zq-38/SRR018/18341/SRR18341121/SRR18341121.lite.1
SRR18341120,SAMN26732560,HTP_7_22_2021,HTP_7_22_2021,RNA-Seq,METATRANSCRIPTOMIC,PAIRED,ILLUMINA,Illumina NovaSeq 6000,33006348,6667282296,202,1990,https://sra-downloadb.be-md.ncbi.nlm.nih.gov/sos1/sra-pub-zq-38/SRR018/18341/SRR18341120/SRR18341120.lite.1
SRR18341119,SAMN26732561,HTP_7_29_2021,HTP_7_29_2021,RNA-Seq,METATRANSCRIPTOMIC,PAIRED,ILLUMINA,Illumina NovaSeq 6000,43889785,8865736570,202,2661,https://sra-downloadb.be-md.ncbi.nlm.nih.gov/sos9/sra-pub-zq-924/SRR018/18341/SRR18341119/SRR18341119.lite.1
SRR18341118,SAMN26732562,HTP_7_8_2021,HTP_7_8_2021,RNA-Seq,METATRANSCRIPTOMIC,PAIRED,ILLUMINA,Illumina NovaSeq 6000,26946502,5443193404,202,1642,https://sra-downloadb.be-md.ncbi.nlm.nih.gov/sos8/sra-pub-zq-820/SRR018/18341/SRR18341118/SRR18341118.lite.1
SRR18341081,SAMN26732536,HTP_5_11_2021,HTP_5_11_2021,RNA-Seq,METATRANSCRIPTOMIC,PAIRED,ILLUMINA,Illumina NovaSeq 6000,18479773,3732914146,202,1135,https://sra-downloadb.be-md.ncbi.nlm.nih.gov/sos1/sra-pub-zq-38/SRR018/18341/SRR18341081/SRR18341081.lite.1
SRR18341079,SAMN26732537,HTP_5_13_2021,HTP_5_13_2021,RNA-Seq,METATRANSCRIPTOMIC,PAIRED,ILLUMINA,Illumina NovaSeq 6000,19135374,3865345548,202,1153,https://sra-downloadb.be-md.ncbi.nlm.nih.gov/sos1/sra-pub-zq-38/SRR018/18341/SRR18341079/SRR18341079.lite.1
SRR18341078,SAMN26732538,HTP_5_16_2021,HTP_5_16_2021,RNA-Seq,METATRANSCRIPTOMIC,PAIRED,ILLUMINA,Illumina NovaSeq 6000,63138081,12753892362,202,3862,https://sra-downloadb.be-md.ncbi.nlm.nih.gov/sos9/sra-pub-zq-924/SRR018/18341/SRR18341078/SRR18341078.lite.1
SRR18341077,SAMN26732539,HTP_5_18_2021,HTP_5_18_2021,RNA-Seq,METATRANSCRIPTOMIC,PAIRED,ILLUMINA,Illumina NovaSeq 6000,60462482,12213421364,202,3752,https://sra-downloadb.be-md.ncbi.nlm.nih.gov/sos1/sra-pub-zq-38/SRR018/18341/SRR18341077/SRR18341077.lite.1
SRR18341075,SAMN26732541,HTP_5_20_2021,HTP_5_20_2021,RNA-Seq,METATRANSCRIPTOMIC,PAIRED,ILLUMINA,Illumina NovaSeq 6000,54066214,10921375228,202,3267,https://sra-downloadb.be-md.ncbi.nlm.nih.gov/sos9/sra-pub-zq-922/SRR018/18341/SRR18341075/SRR18341075.lite.1
SRR18341074,SAMN26732542,HTP_5_23_2021,HTP_5_23_2021,RNA-Seq,METATRANSCRIPTOMIC,PAIRED,ILLUMINA,Illumina NovaSeq 6000,53349248,10776548096,202,3359,https://sra-downloadb.be-md.ncbi.nlm.nih.gov/sos1/sra-pub-zq-38/SRR018/18341/SRR18341074/SRR18341074.lite.1
SRR18341073,SAMN26732543,HTP_5_24_2021,HTP_5_24_2021,RNA-Seq,METATRANSCRIPTOMIC,PAIRED,ILLUMINA,Illumina NovaSeq 6000,32477043,6560362686,202,2016,https://sra-downloadb.be-md.ncbi.nlm.nih.gov/sos1/sra-pub-zq-38/SRR018/18341/SRR18341073/SRR18341073.lite.1
SRR18341076,SAMN26732540,HTP_5_2_2021,HTP_5_2_2021,RNA-Seq,METATRANSCRIPTOMIC,PAIRED,ILLUMINA,Illumina NovaSeq 6000,27981855,5652334710,202,1712,https://sra-downloadb.be-md.ncbi.nlm.nih.gov/sos9/sra-pub-zq-924/SRR018/18341/SRR18341076/SRR18341076.lite.1
SRR18341072,SAMN26732544,HTP_5_25_2021,HTP_5_25_2021,RNA-Seq,METATRANSCRIPTOMIC,PAIRED,ILLUMINA,Illumina NovaSeq 6000,41552492,8393603384,202,2675,https://sra-downloadb.be-md.ncbi.nlm.nih.gov/sos9/sra-pub-zq-924/SRR018/18341/SRR18341072/SRR18341072.lite.1
SRR18341071,SAMN26732545,HTP_5_31_2021,HTP_5_31_2021,RNA-Seq,METATRANSCRIPTOMIC,PAIRED,ILLUMINA,Illumina NovaSeq 6000,45560441,9203209082,202,2865,https://sra-downloadb.be-md.ncbi.nlm.nih.gov/sos8/sra-pub-zq-820/SRR018/18341/SRR18341071/SRR18341071.lite.1
SRR18341070,SAMN26732546,HTP_5_4_2021,HTP_5_4_2021,RNA-Seq,METATRANSCRIPTOMIC,PAIRED,ILLUMINA,Illumina NovaSeq 6000,21033696,4248806592,202,1276,https://sra-downloadb.be-md.ncbi.nlm.nih.gov/sos1/sra-pub-zq-38/SRR018/18341/SRR18341070/SRR18341070.lite.1
SRR18341033,SAMN26732492,HTP_1_10_21,HTP_1_10_21,RNA-Seq,METATRANSCRIPTOMIC,PAIRED,ILLUMINA,Illumina NovaSeq 6000,16123940,3257035880,202,975,https://sra-downloadb.be-md.ncbi.nlm.nih.gov/sos9/sra-pub-zq-922/SRR018/18341/SRR18341033/SRR18341033.lite.1
SRR18341029,SAMN26732496,HTP_1_21_21,HTP_1_21_21,RNA-Seq,METATRANSCRIPTOMIC,PAIRED,ILLUMINA,Illumina NovaSeq 6000,33096849,6685563498,202,2009,https://sra-downloadb.be-md.ncbi.nlm.nih.gov/sos9/sra-pub-zq-922/SRR018/18341/SRR18341029/SRR18341029.lite.1
SRR18341030,SAMN26732495,HTP_1_19_21,HTP_1_19_21,RNA-Seq,METATRANSCRIPTOMIC,PAIRED,ILLUMINA,Illumina NovaSeq 6000,42128435,8509943870,202,2592,https://sra-downloadb.be-md.ncbi.nlm.nih.gov/sos9/sra-pub-zq-924/SRR018/18341/SRR18341030/SRR18341030.lite.1
SRR18341031,SAMN26732494,HTP_1_14_21,HTP_1_14_21,RNA-Seq,METATRANSCRIPTOMIC,PAIRED,ILLUMINA,Illumina NovaSeq 6000,35541273,7179337146,202,2168,https://sra-downloadb.be-md.ncbi.nlm.nih.gov/sos9/sra-pub-zq-924/SRR018/18341/SRR18341031/SRR18341031.lite.1
SRR18341032,SAMN26732493,HTP_1_12_21,HTP_1_12_21,RNA-Seq,METATRANSCRIPTOMIC,PAIRED,ILLUMINA,Illumina NovaSeq 6000,19397585,3918312170,202,1211,https://sra-downloadb.be-md.ncbi.nlm.nih.gov/sos1/sra-pub-zq-38/SRR018/18341/SRR18341032/SRR18341032.lite.1
SRR18341023,SAMN26732501,HTP_1_5_21,HTP_1_5_21,RNA-Seq,METATRANSCRIPTOMIC,PAIRED,ILLUMINA,Illumina NovaSeq 6000,30197133,6099820866,202,1830,https://sra-downloadb.be-md.ncbi.nlm.nih.gov/sos9/sra-pub-zq-924/SRR018/18341/SRR18341023/SRR18341023.lite.1
SRR18341024,SAMN26732500,HTP_1_31_21,HTP_1_31_21,RNA-Seq,METATRANSCRIPTOMIC,PAIRED,ILLUMINA,Illumina NovaSeq 6000,31167284,6295791368,202,1899,https://sra-downloadb.be-md.ncbi.nlm.nih.gov/sos9/sra-pub-zq-922/SRR018/18341/SRR18341024/SRR18341024.lite.1
SRR18341025,SAMN26732499,HTP_1_28_21,HTP_1_28_21,RNA-Seq,METATRANSCRIPTOMIC,PAIRED,ILLUMINA,Illumina NovaSeq 6000,51529762,10409011924,202,3193,https://sra-downloadb.be-md.ncbi.nlm.nih.gov/sos8/sra-pub-zq-820/SRR018/18341/SRR18341025/SRR18341025.lite.1
SRR18341026,SAMN26732498,HTP_1_26_21,HTP_1_26_21,RNA-Seq,METATRANSCRIPTOMIC,PAIRED,ILLUMINA,Illumina NovaSeq 6000,14688921,2967162042,202,903,https://sra-downloadb.be-md.ncbi.nlm.nih.gov/sos9/sra-pub-zq-924/SRR018/18341/SRR18341026/SRR18341026.lite.1
SRR18341027,SAMN26732497,HTP_1_24_21,HTP_1_24_21,RNA-Seq,METATRANSCRIPTOMIC,PAIRED,ILLUMINA,Illumina NovaSeq 6000,14541009,2937283818,202,908,https://sra-downloadb.be-md.ncbi.nlm.nih.gov/sos9/sra-pub-zq-922/SRR018/18341/SRR18341027/SRR18341027.lite.1
SRR18341022,SAMN26732502,HTP_1_7_21,HTP_1_7_21,RNA-Seq,METATRANSCRIPTOMIC,PAIRED,ILLUMINA,Illumina NovaSeq 6000,30116471,6083527142,202,1829,https://sra-downloadb.be-md.ncbi.nlm.nih.gov/sos9/sra-pub-zq-922/SRR018/18341/SRR18341022/SRR18341022.lite.1
SRR18341021,SAMN26732503,HTP_2_10_21,HTP_2_10_21,RNA-Seq,METATRANSCRIPTOMIC,PAIRED,ILLUMINA,Illumina NovaSeq 6000,24322097,4913063594,202,1506,https://sra-downloadb.be-md.ncbi.nlm.nih.gov/sos1/sra-pub-zq-38/SRR018/18341/SRR18341021/SRR18341021.lite.1
SRR18341020,SAMN26732504,HTP_2_15_21,HTP_2_15_21,RNA-Seq,METATRANSCRIPTOMIC,PAIRED,ILLUMINA,Illumina NovaSeq 6000,20575397,4156230194,202,1241,https://sra-downloadb.be-md.ncbi.nlm.nih.gov/sos9/sra-pub-zq-924/SRR018/18341/SRR18341020/SRR18341020.lite.1
SRR18341019,SAMN26732505,HTP_2_16_21,HTP_2_16_21,RNA-Seq,METATRANSCRIPTOMIC,PAIRED,ILLUMINA,Illumina NovaSeq 6000,21817522,4407139444,202,1325,https://sra-downloadb.be-md.ncbi.nlm.nih.gov/sos9/sra-pub-zq-924/SRR018/18341/SRR18341019/SRR18341019.lite.1
SRR18341018,SAMN26732506,HTP_2_18_21,HTP_2_18_21,RNA-Seq,METATRANSCRIPTOMIC,PAIRED,ILLUMINA,Illumina NovaSeq 6000,42161537,8516630474,202,2603,https://sra-downloadb.be-md.ncbi.nlm.nih.gov/sos9/sra-pub-zq-924/SRR018/18341/SRR18341018/SRR18341018.lite.1
SRR18341015,SAMN26732508,HTP_2_21_21,HTP_2_21_21,RNA-Seq,METATRANSCRIPTOMIC,PAIRED,ILLUMINA,Illumina NovaSeq 6000,15309642,3092547684,202,942,https://sra-downloadb.be-md.ncbi.nlm.nih.gov/sos9/sra-pub-zq-922/SRR018/18341/SRR18341015/SRR18341015.lite.1
SRR18341014,SAMN26732509,HTP_2_23_21,HTP_2_23_21,RNA-Seq,METATRANSCRIPTOMIC,PAIRED,ILLUMINA,Illumina NovaSeq 6000,20105076,4061225352,202,1223,https://sra-downloadb.be-md.ncbi.nlm.nih.gov/sos9/sra-pub-zq-924/SRR018/18341/SRR18341014/SRR18341014.lite.1
SRR18341016,SAMN26732507,HTP_2_2_21,HTP_2_2_21,RNA-Seq,METATRANSCRIPTOMIC,PAIRED,ILLUMINA,Illumina NovaSeq 6000,22119886,4468216972,202,1331,https://sra-downloadb.be-md.ncbi.nlm.nih.gov/sos9/sra-pub-zq-922/SRR018/18341/SRR18341016/SRR18341016.lite.1
SRR18340983,SAMN26732512,HTP_2_7_21,HTP_2_7_21,RNA-Seq,METATRANSCRIPTOMIC,PAIRED,ILLUMINA,Illumina NovaSeq 6000,26508968,5354811536,202,1621,https://sra-downloadb.be-md.ncbi.nlm.nih.gov/sos9/sra-pub-zq-924/SRR018/18340/SRR18340983/SRR18340983.lite.1
SRR18340984,SAMN26732511,HTP_2_4_21,HTP_2_4_21,RNA-Seq,METATRANSCRIPTOMIC,PAIRED,ILLUMINA,Illumina NovaSeq 6000,45571835,9205510670,202,2776,https://sra-downloadb.be-md.ncbi.nlm.nih.gov/sos9/sra-pub-zq-924/SRR018/18340/SRR18340984/SRR18340984.lite.1
SRR18340985,SAMN26732510,HTP_2_28_21,HTP_2_28_21,RNA-Seq,METATRANSCRIPTOMIC,PAIRED,ILLUMINA,Illumina NovaSeq 6000,19406249,3920062298,202,1177,https://sra-downloadb.be-md.ncbi.nlm.nih.gov/sos9/sra-pub-zq-922/SRR018/18340/SRR18340985/SRR18340985.lite.1
SRR18340982,SAMN26732513,HTP_2_9_21,HTP_2_9_21,RNA-Seq,METATRANSCRIPTOMIC,PAIRED,ILLUMINA,Illumina NovaSeq 6000,28860531,5829827262,202,1742,https://sra-downloadb.be-md.ncbi.nlm.nih.gov/sos9/sra-pub-zq-924/SRR018/18340/SRR18340982/SRR18340982.lite.1
SRR18340981,SAMN26732514,HTP_3_11_21,HTP_3_11_21,RNA-Seq,METATRANSCRIPTOMIC,PAIRED,ILLUMINA,Illumina NovaSeq 6000,88897609,17957317018,202,5455,https://sra-downloadb.be-md.ncbi.nlm.nih.gov/sos9/sra-pub-zq-922/SRR018/18340/SRR18340981/SRR18340981.lite.1
SRR18340980,SAMN26732515,HTP_3_14_21,HTP_3_14_21,RNA-Seq,METATRANSCRIPTOMIC,PAIRED,ILLUMINA,Illumina NovaSeq 6000,54137635,10935802270,202,3307,https://sra-downloadb.be-md.ncbi.nlm.nih.gov/sos1/sra-pub-zq-38/SRR018/18340/SRR18340980/SRR18340980.lite.1
SRR18340979,SAMN26732516,HTP_3_16_21,HTP_3_16_21,RNA-Seq,METATRANSCRIPTOMIC,PAIRED,ILLUMINA,Illumina NovaSeq 6000,40274906,8135531012,202,2415,https://sra-downloadb.be-md.ncbi.nlm.nih.gov/sos9/sra-pub-zq-924/SRR018/18340/SRR18340979/SRR18340979.lite.1
SRR18340973,SAMN26732521,HTP_3_25_2021,HTP_3_25_2021,RNA-Seq,METATRANSCRIPTOMIC,PAIRED,ILLUMINA,Illumina NovaSeq 6000,17319354,3498509508,202,1054,https://sra-downloadb.be-md.ncbi.nlm.nih.gov/sos9/sra-pub-zq-922/SRR018/18340/SRR18340973/SRR18340973.lite.1
SRR18340974,SAMN26732520,HTP_3_23_2021,HTP_3_23_2021,RNA-Seq,METATRANSCRIPTOMIC,PAIRED,ILLUMINA,Illumina NovaSeq 6000,24095711,4867333622,202,1470,https://sra-downloadb.be-md.ncbi.nlm.nih.gov/sos8/sra-pub-zq-820/SRR018/18340/SRR18340974/SRR18340974.lite.1
SRR18340975,SAMN26732519,HTP_3_21_2021,HTP_3_21_2021,RNA-Seq,METATRANSCRIPTOMIC,PAIRED,ILLUMINA,Illumina NovaSeq 6000,20956204,4233153208,202,1305,https://sra-downloadb.be-md.ncbi.nlm.nih.gov/sos9/sra-pub-zq-924/SRR018/18340/SRR18340975/SRR18340975.lite.1
SRR18340976,SAMN26732518,HTP_3_2_21,HTP_3_2_21,RNA-Seq,METATRANSCRIPTOMIC,PAIRED,ILLUMINA,Illumina NovaSeq 6000,15857561,3203227322,202,961,https://sra-downloadb.be-md.ncbi.nlm.nih.gov/sos9/sra-pub-zq-924/SRR018/18340/SRR18340976/SRR18340976.lite.1
SRR18340977,SAMN26732517,HTP_3_18_2021,HTP_3_18_2021,RNA-Seq,METATRANSCRIPTOMIC,PAIRED,ILLUMINA,Illumina NovaSeq 6000,28403414,5737489628,202,1726,https://sra-downloadb.be-md.ncbi.nlm.nih.gov/sos8/sra-pub-zq-820/SRR018/18340/SRR18340977/SRR18340977.lite.1
SRR18340972,SAMN26732522,HTP_3_29_2021,HTP_3_29_2021,RNA-Seq,METATRANSCRIPTOMIC,PAIRED,ILLUMINA,Illumina NovaSeq 6000,19159183,3870154966,202,1173,https://sra-downloadb.be-md.ncbi.nlm.nih.gov/sos9/sra-pub-zq-924/SRR018/18340/SRR18340972/SRR18340972.lite.1
SRR18340971,SAMN26732523,HTP_3_30_2021,HTP_3_30_2021,RNA-Seq,METATRANSCRIPTOMIC,PAIRED,ILLUMINA,Illumina NovaSeq 6000,25250160,5100532320,202,1514,https://sra-downloadb.be-md.ncbi.nlm.nih.gov/sos9/sra-pub-zq-924/SRR018/18340/SRR18340971/SRR18340971.lite.1
SRR18340970,SAMN26732524,HTP_3_31_2021,HTP_3_31_2021,RNA-Seq,METATRANSCRIPTOMIC,PAIRED,ILLUMINA,Illumina NovaSeq 6000,20116820,4063597640,202,1233,https://sra-downloadb.be-md.ncbi.nlm.nih.gov/sos9/sra-pub-zq-924/SRR018/18340/SRR18340970/SRR18340970.lite.1
SRR18340969,SAMN26732525,HTP_3_4_21,HTP_3_4_21,RNA-Seq,METATRANSCRIPTOMIC,PAIRED,ILLUMINA,Illumina NovaSeq 6000,81545969,16472285738,202,4986,https://sra-downloadb.be-md.ncbi.nlm.nih.gov/sos1/sra-pub-zq-38/SRR018/18340/SRR18340969/SRR18340969.lite.1
SRR18340968,SAMN26732526,HTP_3_7_21,HTP_3_7_21,RNA-Seq,METATRANSCRIPTOMIC,PAIRED,ILLUMINA,Illumina NovaSeq 6000,45970871,9286115942,202,2830,https://sra-downloadb.be-md.ncbi.nlm.nih.gov/sos9/sra-pub-zq-924/SRR018/18340/SRR18340968/SRR18340968.lite.1
SRR18340963,SAMN26732530,HTP_4_25_2021,HTP_4_25_2021,RNA-Seq,METATRANSCRIPTOMIC,PAIRED,ILLUMINA,Illumina NovaSeq 6000,24205139,4889438078,202,1467,https://sra-downloadb.be-md.ncbi.nlm.nih.gov/sos1/sra-pub-zq-38/SRR018/18340/SRR18340963/SRR18340963.lite.1
SRR18340964,SAMN26732529,HTP_4_22_2021,HTP_4_22_2021,RNA-Seq,METATRANSCRIPTOMIC,PAIRED,ILLUMINA,Illumina NovaSeq 6000,22475531,4540057262,202,1354,https://sra-downloadb.be-md.ncbi.nlm.nih.gov/sos9/sra-pub-zq-924/SRR018/18340/SRR18340964/SRR18340964.lite.1
SRR18340965,SAMN26732528,HTP_4_15_2021,HTP_4_15_2021,RNA-Seq,METATRANSCRIPTOMIC,PAIRED,ILLUMINA,Illumina NovaSeq 6000,16175837,3267519074,202,1008,https://sra-downloadb.be-md.ncbi.nlm.nih.gov/sos9/sra-pub-zq-924/SRR018/18340/SRR18340965/SRR18340965.lite.1
SRR18340966,SAMN26732527,HTP_3_9_21,HTP_3_9_21,RNA-Seq,METATRANSCRIPTOMIC,PAIRED,ILLUMINA,Illumina NovaSeq 6000,32992693,6664523986,202,2094,https://sra-downloadb.be-md.ncbi.nlm.nih.gov/sos9/sra-pub-zq-922/SRR018/18340/SRR18340966/SRR18340966.lite.1
SRR18340962,SAMN26732531,HTP_4_26_2021,HTP_4_26_2021,RNA-Seq,METATRANSCRIPTOMIC,PAIRED,ILLUMINA,Illumina NovaSeq 6000,26741133,5401708866,202,1626,https://sra-downloadb.be-md.ncbi.nlm.nih.gov/sos9/sra-pub-zq-924/SRR018/18340/SRR18340962/SRR18340962.lite.1
SRR18340961,SAMN26732532,HTP_4_29_2021,HTP_4_29_2021,RNA-Seq,METATRANSCRIPTOMIC,PAIRED,ILLUMINA,Illumina NovaSeq 6000,18130763,3662414126,202,1117,https://sra-downloadb.be-md.ncbi.nlm.nih.gov/sos9/sra-pub-zq-924/SRR018/18340/SRR18340961/SRR18340961.lite.1
SRR18340960,SAMN26732533,HTP_4_4_2021,HTP_4_4_2021,RNA-Seq,METATRANSCRIPTOMIC,PAIRED,ILLUMINA,Illumina NovaSeq 6000,33474083,6761764766,202,2070,https://sra-downloadb.be-md.ncbi.nlm.nih.gov/sos9/sra-pub-zq-924/SRR018/18340/SRR18340960/SRR18340960.lite.1
SRR18340959,SAMN26732534,HTP_4_6_2021,HTP_4_6_2021,RNA-Seq,METATRANSCRIPTOMIC,PAIRED,ILLUMINA,Illumina NovaSeq 6000,33283433,6723253466,202,2047,https://sra-downloadb.be-md.ncbi.nlm.nih.gov/sos9/sra-pub-zq-924/SRR018/18340/SRR18340959/SRR18340959.lite.1
SRR18340958,SAMN26732535,HTP_4_8_2021,HTP_4_8_2021,RNA-Seq,METATRANSCRIPTOMIC,PAIRED,ILLUMINA,Illumina NovaSeq 6000,26253383,5303183366,202,1644,https://sra-downloadb.be-md.ncbi.nlm.nih.gov/sos9/sra-pub-zq-924/SRR018/18340/SRR18340958/SRR18340958.lite.1
SRR19607376,SAMN28950087,HTP_4_26_2021_enriched,HTP_4_26_2021_enriched,Targeted-Capture,METATRANSCRIPTOMIC,PAIRED,ILLUMINA,Illumina NovaSeq 6000,9615520,1942335040,202,585,https://sra-downloadb.be-md.ncbi.nlm.nih.gov/sos8/sra-pub-zq-818/SRR019/19607/SRR19607376/SRR19607376.lite.1
SRR19607378,SAMN28950086,HTP_4_25_2021_enriched,HTP_4_25_2021_enriched,Targeted-Capture,METATRANSCRIPTOMIC,PAIRED,ILLUMINA,Illumina NovaSeq 6000,723864,146220528,202,43,https://sra-downloadb.be-md.ncbi.nlm.nih.gov/sos1/sra-pub-zq-38/SRR019/19607/SRR19607378/SRR19607378.lite.1
SRR19607365,SAMN28950092,HTP_4_8_2021_enriched,HTP_4_8_2021_enriched,Targeted-Capture,METATRANSCRIPTOMIC,PAIRED,ILLUMINA,Illumina NovaSeq 6000,1411945,285212890,202,88,https://sra-downloadb.be-md.ncbi.nlm.nih.gov/sos8/sra-pub-zq-820/SRR019/19607/SRR19607365/SRR19607365.lite.1
SRR19607368,SAMN28950091,HTP_4_6_2021_enriched,HTP_4_6_2021_enriched,Targeted-Capture,METATRANSCRIPTOMIC,PAIRED,ILLUMINA,Illumina NovaSeq 6000,7190288,1452438176,202,468,https://sra-downloadb.be-md.ncbi.nlm.nih.gov/sos8/sra-pub-zq-818/SRR019/19607/SRR19607368/SRR19607368.lite.1
SRR19607370,SAMN28950090,HTP_4_4_2021_enriched,HTP_4_4_2021_enriched,Targeted-Capture,METATRANSCRIPTOMIC,PAIRED,ILLUMINA,Illumina NovaSeq 6000,1341523,270987646,202,84,https://sra-downloadb.be-md.ncbi.nlm.nih.gov/sos8/sra-pub-zq-818/SRR019/19607/SRR19607370/SRR19607370.lite.1
SRR19607372,SAMN28950089,HTP_4_29_2021_enriched,HTP_4_29_2021_enriched,Targeted-Capture,METATRANSCRIPTOMIC,PAIRED,ILLUMINA,Illumina NovaSeq 6000,4793499,968286798,202,293,https://sra-downloadb.be-md.ncbi.nlm.nih.gov/sos9/sra-pub-zq-924/SRR019/19607/SRR19607372/SRR19607372.lite.1
SRR19607374,SAMN28950088,HTP_4_29_2021_amplicon,HTP_4_29_2021_amplicon,AMPLICON,METATRANSCRIPTOMIC,PAIRED,ILLUMINA,Illumina NovaSeq 6000,11582093,3497792086,302,1131,https://sra-downloadb.be-md.ncbi.nlm.nih.gov/sos8/sra-pub-zq-818/SRR019/19607/SRR19607374/SRR19607374.lite.1
SRR19607353,SAMN28950096,HTP_5_16_2021_enriched,HTP_5_16_2021_enriched,Targeted-Capture,METATRANSCRIPTOMIC,PAIRED,ILLUMINA,Illumina NovaSeq 6000,2036468,411366536,202,133,https://sra-downloadb.be-md.ncbi.nlm.nih.gov/sos1/sra-pub-zq-38/SRR019/19607/SRR19607353/SRR19607353.lite.1
SRR19607357,SAMN28950095,HTP_5_13_2021_enriched,HTP_5_13_2021_enriched,Targeted-Capture,METATRANSCRIPTOMIC,PAIRED,ILLUMINA,Illumina NovaSeq 6000,192499,38884798,202,12,https://sra-downloadb.be-md.ncbi.nlm.nih.gov/sos8/sra-pub-zq-820/SRR019/19607/SRR19607357/SRR19607357.lite.1
SRR19607360,SAMN28950094,HTP_5_11_2021_enriched,HTP_5_11_2021_enriched,Targeted-Capture,METATRANSCRIPTOMIC,PAIRED,ILLUMINA,Illumina NovaSeq 6000,616481,124529162,202,37,https://sra-downloadb.be-md.ncbi.nlm.nih.gov/sos8/sra-pub-zq-820/SRR019/19607/SRR19607360/SRR19607360.lite.1
SRR19607362,SAMN28950093,HTP_5_1_2020_amplicon,HTP_5_1_2020_amplicon,AMPLICON,METATRANSCRIPTOMIC,PAIRED,ILLUMINA,Illumina NovaSeq 6000,12679234,3829128668,302,1229,https://sra-downloadb.be-md.ncbi.nlm.nih.gov/sos8/sra-pub-zq-820/SRR019/19607/SRR19607362/SRR19607362.lite.1
SRR19607351,SAMN28950097,HTP_5_18_2021_enriched,HTP_5_18_2021_enriched,Targeted-Capture,METATRANSCRIPTOMIC,PAIRED,ILLUMINA,Illumina NovaSeq 6000,3000317,606064034,202,186,https://sra-downloadb.be-md.ncbi.nlm.nih.gov/sos1/sra-pub-zq-38/SRR019/19607/SRR19607351/SRR19607351.lite.1
SRR19607345,SAMN28950099,HTP_5_20_2021_enriched,HTP_5_20_2021_enriched,Targeted-Capture,METATRANSCRIPTOMIC,PAIRED,ILLUMINA,Illumina NovaSeq 6000,1640733,331428066,202,99,https://sra-downloadb.be-md.ncbi.nlm.nih.gov/sos1/sra-pub-zq-38/SRR019/19607/SRR19607345/SRR19607345.lite.1
SRR19607343,SAMN28950100,HTP_5_23_2021_amplicon,HTP_5_23_2021_amplicon,AMPLICON,METATRANSCRIPTOMIC,PAIRED,ILLUMINA,Illumina NovaSeq 6000,13853641,4183799582,302,1324,https://sra-downloadb.be-md.ncbi.nlm.nih.gov/sos1/sra-pub-zq-38/SRR019/19607/SRR19607343/SRR19607343.lite.1
SRR19607341,SAMN28950101,HTP_5_23_2021_enriched,HTP_5_23_2021_enriched,Targeted-Capture,METATRANSCRIPTOMIC,PAIRED,ILLUMINA,Illumina NovaSeq 6000,5117151,1033664502,202,316,https://sra-downloadb.be-md.ncbi.nlm.nih.gov/sos8/sra-pub-zq-818/SRR019/19607/SRR19607341/SRR19607341.lite.1
SRR19607348,SAMN28950098,HTP_5_2_2021_enriched,HTP_5_2_2021_enriched,Targeted-Capture,METATRANSCRIPTOMIC,PAIRED,ILLUMINA,Illumina NovaSeq 6000,12571009,2539343818,202,762,https://sra-downloadb.be-md.ncbi.nlm.nih.gov/sos1/sra-pub-zq-38/SRR019/19607/SRR19607348/SRR19607348.lite.1
SRR19607339,SAMN28950102,HTP_5_24_2021_enriched,HTP_5_24_2021_enriched,Targeted-Capture,METATRANSCRIPTOMIC,PAIRED,ILLUMINA,Illumina NovaSeq 6000,2258550,456227100,202,139,https://sra-downloadb.be-md.ncbi.nlm.nih.gov/sos1/sra-pub-zq-38/SRR019/19607/SRR19607339/SRR19607339.lite.1
SRR19607337,SAMN28950103,HTP_5_25_2021_enriched,HTP_5_25_2021_enriched,Targeted-Capture,METATRANSCRIPTOMIC,PAIRED,ILLUMINA,Illumina NovaSeq 6000,6808140,1375244280,202,425,https://sra-downloadb.be-md.ncbi.nlm.nih.gov/sos8/sra-pub-zq-818/SRR019/19607/SRR19607337/SRR19607337.lite.1
SRR19607335,SAMN28950104,HTP_5_26_2020_amplicon,HTP_5_26_2020_amplicon,AMPLICON,METATRANSCRIPTOMIC,PAIRED,ILLUMINA,Illumina NovaSeq 6000,12110317,3657315734,302,1156,https://sra-downloadb.be-md.ncbi.nlm.nih.gov/sos8/sra-pub-zq-820/SRR019/19607/SRR19607335/SRR19607335.lite.1
SRR19607333,SAMN28950105,HTP_5_27_2020_amplicon,HTP_5_27_2020_amplicon,AMPLICON,METATRANSCRIPTOMIC,PAIRED,ILLUMINA,Illumina NovaSeq 6000,10806609,3263595918,302,1044,https://sra-downloadb.be-md.ncbi.nlm.nih.gov/sos8/sra-pub-zq-820/SRR019/19607/SRR19607333/SRR19607333.lite.1
SRR19607329,SAMN28950106,HTP_5_28_2020_amplicon,HTP_5_28_2020_amplicon,AMPLICON,METATRANSCRIPTOMIC,PAIRED,ILLUMINA,Illumina NovaSeq 6000,9891810,2987326620,302,963,https://sra-downloadb.be-md.ncbi.nlm.nih.gov/sos9/sra-pub-zq-922/SRR019/19607/SRR19607329/SRR19607329.lite.1
SRR19607327,SAMN28950107,HTP_5_31_2021_amplicon,HTP_5_31_2021_amplicon,AMPLICON,METATRANSCRIPTOMIC,PAIRED,ILLUMINA,Illumina NovaSeq 6000,14019894,4234007988,302,1356,https://sra-downloadb.be-md.ncbi.nlm.nih.gov/sos8/sra-pub-zq-820/SRR019/19607/SRR19607327/SRR19607327.lite.1
SRR19607324,SAMN28950108,HTP_5_31_2021_enriched,HTP_5_31_2021_enriched,Targeted-Capture,METATRANSCRIPTOMIC,PAIRED,ILLUMINA,Illumina NovaSeq 6000,1652321,333768842,202,102,https://sra-downloadb.be-md.ncbi.nlm.nih.gov/sos8/sra-pub-zq-820/SRR019/19607/SRR19607324/SRR19607324.lite.1
SRR19607321,SAMN28950109,HTP_5_4_2021_enriched,HTP_5_4_2021_enriched,Targeted-Capture,METATRANSCRIPTOMIC,PAIRED,ILLUMINA,Illumina NovaSeq 6000,5780408,1167642416,202,350,https://sra-downloadb.be-md.ncbi.nlm.nih.gov/sos8/sra-pub-zq-820/SRR019/19607/SRR19607321/SRR19607321.lite.1
SRR19607319,SAMN28950110,HTP_5_6_2021_enriched,HTP_5_6_2021_enriched,Targeted-Capture,METATRANSCRIPTOMIC,PAIRED,ILLUMINA,Illumina NovaSeq 6000,78464,15849728,202,4,https://sra-downloadb.be-md.ncbi.nlm.nih.gov/sos8/sra-pub-zq-818/SRR019/19607/SRR19607319/SRR19607319.lite.1
SRR19607316,SAMN28950111,HTP_5_9_2021_enriched,HTP_5_9_2021_enriched,Targeted-Capture,METATRANSCRIPTOMIC,PAIRED,ILLUMINA,Illumina NovaSeq 6000,730641,147589482,202,44,https://sra-downloadb.be-md.ncbi.nlm.nih.gov/sos8/sra-pub-zq-818/SRR019/19607/SRR19607316/SRR19607316.lite.1
SRR19607212,SAMN28950033,HTP_1_10_21_enriched,HTP_1_10_21_enriched,Targeted-Capture,METATRANSCRIPTOMIC,PAIRED,ILLUMINA,Illumina NovaSeq 6000,2907568,587328736,202,171,https://sra-downloadb.be-md.ncbi.nlm.nih.gov/sos8/sra-pub-zq-818/SRR019/19607/SRR19607212/SRR19607212.lite.1
SRR19607202,SAMN28950037,HTP_1_21_2021_amplicon,HTP_1_21_2021_amplicon,AMPLICON,METATRANSCRIPTOMIC,PAIRED,ILLUMINA,Illumina NovaSeq 6000,10513458,3175064316,302,1031,https://sra-downloadb.be-md.ncbi.nlm.nih.gov/sos1/sra-pub-zq-38/SRR019/19607/SRR19607202/SRR19607202.lite.1
SRR19607204,SAMN28950036,HTP_1_19_21_enriched,HTP_1_19_21_enriched,Targeted-Capture,METATRANSCRIPTOMIC,PAIRED,ILLUMINA,Illumina NovaSeq 6000,3460305,698981610,202,206,https://sra-downloadb.be-md.ncbi.nlm.nih.gov/sos8/sra-pub-zq-818/SRR019/19607/SRR19607204/SRR19607204.lite.1
SRR19607208,SAMN28950035,HTP_1_14_21_enriched,HTP_1_14_21_enriched,Targeted-Capture,METATRANSCRIPTOMIC,PAIRED,ILLUMINA,Illumina NovaSeq 6000,1762863,356098326,202,104,https://sra-downloadb.be-md.ncbi.nlm.nih.gov/sos8/sra-pub-zq-820/SRR019/19607/SRR19607208/SRR19607208.lite.1
SRR19607210,SAMN28950034,HTP_1_12_21_enriched,HTP_1_12_21_enriched,Targeted-Capture,METATRANSCRIPTOMIC,PAIRED,ILLUMINA,Illumina NovaSeq 6000,2477084,500370968,202,150,https://sra-downloadb.be-md.ncbi.nlm.nih.gov/sos8/sra-pub-zq-818/SRR019/19607/SRR19607210/SRR19607210.lite.1
SRR19607191,SAMN28950114,HTP_6_10_2021_enriched,HTP_6_10_2021_enriched,Targeted-Capture,METATRANSCRIPTOMIC,PAIRED,ILLUMINA,Illumina NovaSeq 6000,4133028,834871656,202,247,https://sra-downloadb.be-md.ncbi.nlm.nih.gov/sos1/sra-pub-zq-38/SRR019/19607/SRR19607191/SRR19607191.lite.1
SRR19607194,SAMN28950113,HTP_6_1_2021_enriched,HTP_6_1_2021_enriched,Targeted-Capture,METATRANSCRIPTOMIC,PAIRED,ILLUMINA,Illumina NovaSeq 6000,5041977,1018479354,202,316,https://sra-downloadb.be-md.ncbi.nlm.nih.gov/sos1/sra-pub-zq-38/SRR019/19607/SRR19607194/SRR19607194.lite.1
SRR19607196,SAMN28950112,HTP_6_1_2020_amplicon,HTP_6_1_2020_amplicon,AMPLICON,METATRANSCRIPTOMIC,PAIRED,ILLUMINA,Illumina NovaSeq 6000,9363438,2827758276,302,891,https://sra-downloadb.be-md.ncbi.nlm.nih.gov/sos1/sra-pub-zq-38/SRR019/19607/SRR19607196/SRR19607196.lite.1
SRR19607198,SAMN28950039,HTP_1_24_2021_amplicon,HTP_1_24_2021_amplicon,AMPLICON,METATRANSCRIPTOMIC,PAIRED,ILLUMINA,Illumina NovaSeq 6000,10749735,3246419970,302,1012,https://sra-downloadb.be-md.ncbi.nlm.nih.gov/sos9/sra-pub-zq-924/SRR019/19607/SRR19607198/SRR19607198.lite.1
SRR19607200,SAMN28950038,HTP_1_21_21_enriched,HTP_1_21_21_enriched,Targeted-Capture,METATRANSCRIPTOMIC,PAIRED,ILLUMINA,Illumina NovaSeq 6000,5400466,1090894132,202,319,https://sra-downloadb.be-md.ncbi.nlm.nih.gov/sos8/sra-pub-zq-820/SRR019/19607/SRR19607200/SRR19607200.lite.1
SRR19607181,SAMN28950118,HTP_6_15_2021_enriched,HTP_6_15_2021_enriched,Targeted-Capture,METATRANSCRIPTOMIC,PAIRED,ILLUMINA,Illumina NovaSeq 6000,1586483,320469566,202,96,https://sra-downloadb.be-md.ncbi.nlm.nih.gov/sos8/sra-pub-zq-820/SRR019/19607/SRR19607181/SRR19607181.lite.1
SRR19607183,SAMN28950117,HTP_6_15_2020_amplicon,HTP_6_15_2020_amplicon,AMPLICON,METATRANSCRIPTOMIC,PAIRED,ILLUMINA,Illumina NovaSeq 6000,9158425,2765844350,302,890,https://sra-downloadb.be-md.ncbi.nlm.nih.gov/sos8/sra-pub-zq-820/SRR019/19607/SRR19607183/SRR19607183.lite.1
SRR19607185,SAMN28950116,HTP_6_14_2020_amplicon,HTP_6_14_2020_amplicon,AMPLICON,METATRANSCRIPTOMIC,PAIRED,ILLUMINA,Illumina NovaSeq 6000,10078185,3043611870,302,951,https://sra-downloadb.be-md.ncbi.nlm.nih.gov/sos8/sra-pub-zq-820/SRR019/19607/SRR19607185/SRR19607185.lite.1
SRR19607189,SAMN28950115,HTP_6_13_2021_amplicon,HTP_6_13_2021_amplicon,AMPLICON,METATRANSCRIPTOMIC,PAIRED,ILLUMINA,Illumina NovaSeq 6000,12113228,3658194856,302,1149,https://sra-downloadb.be-md.ncbi.nlm.nih.gov/sos8/sra-pub-zq-818/SRR019/19607/SRR19607189/SRR19607189.lite.1
SRR19607170,SAMN28950123,HTP_6_22_2020_amplicon,HTP_6_22_2020_amplicon,AMPLICON,METATRANSCRIPTOMIC,PAIRED,ILLUMINA,Illumina NovaSeq 6000,12550137,3790141374,302,1203,https://sra-downloadb.be-md.ncbi.nlm.nih.gov/sos9/sra-pub-zq-922/SRR019/19607/SRR19607170/SRR19607170.lite.1
SRR19607172,SAMN28950122,HTP_6_20_2021_enriched,HTP_6_20_2021_enriched,Targeted-Capture,METATRANSCRIPTOMIC,PAIRED,ILLUMINA,Illumina NovaSeq 6000,4246141,857720482,202,267,https://sra-downloadb.be-md.ncbi.nlm.nih.gov/sos1/sra-pub-zq-38/SRR019/19607/SRR19607172/SRR19607172.lite.1
SRR19607175,SAMN28950121,HTP_6_2_2020_amplicon,HTP_6_2_2020_amplicon,AMPLICON,METATRANSCRIPTOMIC,PAIRED,ILLUMINA,Illumina NovaSeq 6000,8741120,2639818240,302,862,https://sra-downloadb.be-md.ncbi.nlm.nih.gov/sos8/sra-pub-zq-818/SRR019/19607/SRR19607175/SRR19607175.lite.1
SRR19607177,SAMN28950120,HTP_6_18_2020_amplicon,HTP_6_18_2020_amplicon,AMPLICON,METATRANSCRIPTOMIC,PAIRED,ILLUMINA,Illumina NovaSeq 6000,12116383,3659147666,302,1170,https://sra-downloadb.be-md.ncbi.nlm.nih.gov/sos8/sra-pub-zq-820/SRR019/19607/SRR19607177/SRR19607177.lite.1
SRR19607179,SAMN28950119,HTP_6_17_2021_amplicon,HTP_6_17_2021_amplicon,AMPLICON,METATRANSCRIPTOMIC,PAIRED,ILLUMINA,Illumina NovaSeq 6000,11251541,3397965382,302,1095,https://sra-downloadb.be-md.ncbi.nlm.nih.gov/sos9/sra-pub-zq-924/SRR019/19607/SRR19607179/SRR19607179.lite.1
SRR19607159,SAMN28950127,HTP_6_28_2020_amplicon,HTP_6_28_2020_amplicon,AMPLICON,METATRANSCRIPTOMIC,PAIRED,ILLUMINA,Illumina NovaSeq 6000,10480220,3165026440,302,997,https://sra-downloadb.be-md.ncbi.nlm.nih.gov/sos1/sra-pub-zq-38/SRR019/19607/SRR19607159/SRR19607159.lite.1
SRR19607161,SAMN28950126,HTP_6_27_2021_enriched,HTP_6_27_2021_enriched,Targeted-Capture,METATRANSCRIPTOMIC,PAIRED,ILLUMINA,Illumina NovaSeq 6000,7637190,1542712380,202,460,https://sra-downloadb.be-md.ncbi.nlm.nih.gov/sos1/sra-pub-zq-38/SRR019/19607/SRR19607161/SRR19607161.lite.1
SRR19607165,SAMN28950125,HTP_6_24_2021_enriched,HTP_6_24_2021_enriched,Targeted-Capture,METATRANSCRIPTOMIC,PAIRED,ILLUMINA,Illumina NovaSeq 6000,2311101,466842402,202,141,https://sra-downloadb.be-md.ncbi.nlm.nih.gov/sos1/sra-pub-zq-38/SRR019/19607/SRR19607165/SRR19607165.lite.1
SRR19607167,SAMN28950124,HTP_6_24_2021_amplicon,HTP_6_24_2021_amplicon,AMPLICON,METATRANSCRIPTOMIC,PAIRED,ILLUMINA,Illumina NovaSeq 6000,13089192,3952935984,302,1264,https://sra-downloadb.be-md.ncbi.nlm.nih.gov/sos8/sra-pub-zq-820/SRR019/19607/SRR19607167/SRR19607167.lite.1
SRR19607148,SAMN28950132,HTP_6_8_2021_amplicon,HTP_6_8_2021_amplicon,AMPLICON,METATRANSCRIPTOMIC,PAIRED,ILLUMINA,Illumina NovaSeq 6000,12379923,3738736746,302,1203,https://sra-downloadb.be-md.ncbi.nlm.nih.gov/sos8/sra-pub-zq-820/SRR019/19607/SRR19607148/SRR19607148.lite.1
SRR19607151,SAMN28950131,HTP_6_7_2020_amplicon,HTP_6_7_2020_amplicon,AMPLICON,METATRANSCRIPTOMIC,PAIRED,ILLUMINA,Illumina NovaSeq 6000,10907521,3294071342,302,1042,https://sra-downloadb.be-md.ncbi.nlm.nih.gov/sos8/sra-pub-zq-818/SRR019/19607/SRR19607151/SRR19607151.lite.1
SRR19607153,SAMN28950130,HTP_6_6_2021_enriched,HTP_6_6_2021_enriched,Targeted-Capture,METATRANSCRIPTOMIC,PAIRED,ILLUMINA,Illumina NovaSeq 6000,945857,191063114,202,58,https://sra-downloadb.be-md.ncbi.nlm.nih.gov/sos1/sra-pub-zq-38/SRR019/19607/SRR19607153/SRR19607153.lite.1
SRR19607155,SAMN28950129,HTP_6_3_2021_enriched,HTP_6_3_2021_enriched,Targeted-Capture,METATRANSCRIPTOMIC,PAIRED,ILLUMINA,Illumina NovaSeq 6000,2376821,480117842,202,145,https://sra-downloadb.be-md.ncbi.nlm.nih.gov/sos1/sra-pub-zq-38/SRR019/19607/SRR19607155/SRR19607155.lite.1
SRR19607157,SAMN28950128,HTP_6_29_2020_amplicon,HTP_6_29_2020_amplicon,AMPLICON,METATRANSCRIPTOMIC,PAIRED,ILLUMINA,Illumina NovaSeq 6000,11157458,3369552316,302,1089,https://sra-downloadb.be-md.ncbi.nlm.nih.gov/sos8/sra-pub-zq-818/SRR019/19607/SRR19607157/SRR19607157.lite.1
SRR19607138,SAMN28950136,HTP_7_1_2021_enriched,HTP_7_1_2021_enriched,Targeted-Capture,METATRANSCRIPTOMIC,PAIRED,ILLUMINA,Illumina NovaSeq 6000,2833070,572280140,202,171,https://sra-downloadb.be-md.ncbi.nlm.nih.gov/sos8/sra-pub-zq-818/SRR019/19607/SRR19607138/SRR19607138.lite.1
SRR19607142,SAMN28950135,HTP_7_1_2021_amplicon,HTP_7_1_2021_amplicon,AMPLICON,METATRANSCRIPTOMIC,PAIRED,ILLUMINA,Illumina NovaSeq 6000,11600051,3503215402,302,1093,https://sra-downloadb.be-md.ncbi.nlm.nih.gov/sos1/sra-pub-zq-38/SRR019/19607/SRR19607142/SRR19607142.lite.1
SRR19607144,SAMN28950134,HTP_7_1_2020_amplicon,HTP_7_1_2020_amplicon,AMPLICON,METATRANSCRIPTOMIC,PAIRED,ILLUMINA,Illumina NovaSeq 6000,9282305,2803256110,302,885,https://sra-downloadb.be-md.ncbi.nlm.nih.gov/sos8/sra-pub-zq-820/SRR019/19607/SRR19607144/SRR19607144.lite.1
SRR19607146,SAMN28950133,HTP_6_9_2020_amplicon,HTP_6_9_2020_amplicon,AMPLICON,METATRANSCRIPTOMIC,PAIRED,ILLUMINA,Illumina NovaSeq 6000,12647797,3819634694,302,1234,https://sra-downloadb.be-md.ncbi.nlm.nih.gov/sos1/sra-pub-zq-38/SRR019/19607/SRR19607146/SRR19607146.lite.1
SRR19606966,SAMN28950040,HTP_1_24_21_enriched,HTP_1_24_21_enriched,Targeted-Capture,METATRANSCRIPTOMIC,PAIRED,ILLUMINA,Illumina NovaSeq 6000,1307224,264059248,202,79,https://sra-downloadb.be-md.ncbi.nlm.nih.gov/sos8/sra-pub-zq-820/SRR019/19606/SRR19606966/SRR19606966.lite.1
SRR19606956,SAMN28950045,HTP_1_5_21_enriched,HTP_1_5_21_enriched,Targeted-Capture,METATRANSCRIPTOMIC,PAIRED,ILLUMINA,Illumina NovaSeq 6000,4539045,916887090,202,267,https://sra-downloadb.be-md.ncbi.nlm.nih.gov/sos1/sra-pub-zq-38/SRR019/19606/SRR19606956/SRR19606956.lite.1
SRR19606958,SAMN28950044,HTP_1_31_21_enriched,HTP_1_31_21_enriched,Targeted-Capture,METATRANSCRIPTOMIC,PAIRED,ILLUMINA,Illumina NovaSeq 6000,3372327,681210054,202,200,https://sra-downloadb.be-md.ncbi.nlm.nih.gov/sos8/sra-pub-zq-820/SRR019/19606/SRR19606958/SRR19606958.lite.1
SRR19606960,SAMN28950043,HTP_1_28_21_enriched,HTP_1_28_21_enriched,Targeted-Capture,METATRANSCRIPTOMIC,PAIRED,ILLUMINA,Illumina NovaSeq 6000,5136682,1037609764,202,307,https://sra-downloadb.be-md.ncbi.nlm.nih.gov/sos8/sra-pub-zq-820/SRR019/19606/SRR19606960/SRR19606960.lite.1
SRR19606962,SAMN28950042,HTP_1_26_21_enriched,HTP_1_26_21_enriched,Targeted-Capture,METATRANSCRIPTOMIC,PAIRED,ILLUMINA,Illumina NovaSeq 6000,1410185,284857370,202,83,https://sra-downloadb.be-md.ncbi.nlm.nih.gov/sos9/sra-pub-zq-924/SRR019/19606/SRR19606962/SRR19606962.lite.1
SRR19606964,SAMN28950041,HTP_1_26_2021_amplicon,HTP_1_26_2021_amplicon,AMPLICON,METATRANSCRIPTOMIC,PAIRED,ILLUMINA,Illumina NovaSeq 6000,12482957,3769853014,302,1205,https://sra-downloadb.be-md.ncbi.nlm.nih.gov/sos8/sra-pub-zq-820/SRR019/19606/SRR19606964/SRR19606964.lite.1
SRR19606950,SAMN28950047,HTP_10_13_2020_amplicon,HTP_10_13_2020_amplicon,AMPLICON,METATRANSCRIPTOMIC,PAIRED,ILLUMINA,Illumina NovaSeq 6000,8860212,2675784024,302,872,https://sra-downloadb.be-md.ncbi.nlm.nih.gov/sos8/sra-pub-zq-818/SRR019/19606/SRR19606950/SRR19606950.lite.1
SRR19606948,SAMN28950048,HTP_11_17_2020_amplicon,HTP_11_17_2020_amplicon,AMPLICON,METATRANSCRIPTOMIC,PAIRED,ILLUMINA,Illumina NovaSeq 6000,13768298,4158025996,302,1305,https://sra-downloadb.be-md.ncbi.nlm.nih.gov/sos8/sra-pub-zq-818/SRR019/19606/SRR19606948/SRR19606948.lite.1
SRR19606946,SAMN28950049,HTP_11_24_2020_amplicon,HTP_11_24_2020_amplicon,AMPLICON,METATRANSCRIPTOMIC,PAIRED,ILLUMINA,Illumina NovaSeq 6000,11435742,3453594084,302,1127,https://sra-downloadb.be-md.ncbi.nlm.nih.gov/sos8/sra-pub-zq-820/SRR019/19606/SRR19606946/SRR19606946.lite.1
SRR19606952,SAMN28950046,HTP_1_7_21_enriched,HTP_1_7_21_enriched,Targeted-Capture,METATRANSCRIPTOMIC,PAIRED,ILLUMINA,Illumina NovaSeq 6000,2138737,432024874,202,126,https://sra-downloadb.be-md.ncbi.nlm.nih.gov/sos8/sra-pub-zq-820/SRR019/19606/SRR19606952/SRR19606952.lite.1
SRR19606936,SAMN28950054,HTP_2_16_21_enriched,HTP_2_16_21_enriched,Targeted-Capture,METATRANSCRIPTOMIC,PAIRED,ILLUMINA,Illumina NovaSeq 6000,2509743,506968086,202,148,https://sra-downloadb.be-md.ncbi.nlm.nih.gov/sos8/sra-pub-zq-820/SRR019/19606/SRR19606936/SRR19606936.lite.1
SRR19606938,SAMN28950053,HTP_2_15_21_enriched,HTP_2_15_21_enriched,Targeted-Capture,METATRANSCRIPTOMIC,PAIRED,ILLUMINA,Illumina NovaSeq 6000,2587115,522597230,202,152,https://sra-downloadb.be-md.ncbi.nlm.nih.gov/sos1/sra-pub-zq-38/SRR019/19606/SRR19606938/SRR19606938.lite.1
SRR19606940,SAMN28950052,HTP_2_10_21_enriched,HTP_2_10_21_enriched,Targeted-Capture,METATRANSCRIPTOMIC,PAIRED,ILLUMINA,Illumina NovaSeq 6000,3274504,661449808,202,197,https://sra-downloadb.be-md.ncbi.nlm.nih.gov/sos8/sra-pub-zq-820/SRR019/19606/SRR19606940/SRR19606940.lite.1
SRR19606942,SAMN28950051,HTP_12_22_2020_amplicon,HTP_12_22_2020_amplicon,AMPLICON,METATRANSCRIPTOMIC,PAIRED,ILLUMINA,Illumina NovaSeq 6000,11561124,3491459448,302,1104,https://sra-downloadb.be-md.ncbi.nlm.nih.gov/sos8/sra-pub-zq-820/SRR019/19606/SRR19606942/SRR19606942.lite.1
SRR19606944,SAMN28950050,HTP_12_16_2020_amplicon,HTP_12_16_2020_amplicon,AMPLICON,METATRANSCRIPTOMIC,PAIRED,ILLUMINA,Illumina NovaSeq 6000,9569917,2890114934,302,931,https://sra-downloadb.be-md.ncbi.nlm.nih.gov/sos1/sra-pub-zq-38/SRR019/19606/SRR19606944/SRR19606944.lite.1
SRR19606934,SAMN28950055,HTP_2_18_21_enriched,HTP_2_18_21_enriched,Targeted-Capture,METATRANSCRIPTOMIC,PAIRED,ILLUMINA,Illumina NovaSeq 6000,7682863,1551938326,202,459,https://sra-downloadb.be-md.ncbi.nlm.nih.gov/sos8/sra-pub-zq-820/SRR019/19606/SRR19606934/SRR19606934.lite.1
SRR19606928,SAMN28950057,HTP_2_21_21_enriched,HTP_2_21_21_enriched,Targeted-Capture,METATRANSCRIPTOMIC,PAIRED,ILLUMINA,Illumina NovaSeq 6000,2296279,463848358,202,137,https://sra-downloadb.be-md.ncbi.nlm.nih.gov/sos1/sra-pub-zq-38/SRR019/19606/SRR19606928/SRR19606928.lite.1
SRR19606926,SAMN28950058,HTP_2_23_21_enriched,HTP_2_23_21_enriched,Targeted-Capture,METATRANSCRIPTOMIC,PAIRED,ILLUMINA,Illumina NovaSeq 6000,2288966,462371132,202,136,https://sra-downloadb.be-md.ncbi.nlm.nih.gov/sos8/sra-pub-zq-820/SRR019/19606/SRR19606926/SRR19606926.lite.1
SRR19606930,SAMN28950056,HTP_2_2_21_enriched,HTP_2_2_21_enriched,Targeted-Capture,METATRANSCRIPTOMIC,PAIRED,ILLUMINA,Illumina NovaSeq 6000,5499449,1110888698,202,325,https://sra-downloadb.be-md.ncbi.nlm.nih.gov/sos8/sra-pub-zq-820/SRR019/19606/SRR19606930/SRR19606930.lite.1
SRR19606916,SAMN28950063,HTP_2_9_21_enriched,HTP_2_9_21_enriched,Targeted-Capture,METATRANSCRIPTOMIC,PAIRED,ILLUMINA,Illumina NovaSeq 6000,3459611,698841422,202,202,https://sra-downloadb.be-md.ncbi.nlm.nih.gov/sos1/sra-pub-zq-38/SRR019/19606/SRR19606916/SRR19606916.lite.1
SRR19606918,SAMN28950062,HTP_2_7_21_enriched,HTP_2_7_21_enriched,Targeted-Capture,METATRANSCRIPTOMIC,PAIRED,ILLUMINA,Illumina NovaSeq 6000,4449732,898845864,202,265,https://sra-downloadb.be-md.ncbi.nlm.nih.gov/sos8/sra-pub-zq-820/SRR019/19606/SRR19606918/SRR19606918.lite.1
SRR19606920,SAMN28950061,HTP_2_4_21_enriched,HTP_2_4_21_enriched,Targeted-Capture,METATRANSCRIPTOMIC,PAIRED,ILLUMINA,Illumina NovaSeq 6000,5070965,1024334930,202,300,https://sra-downloadb.be-md.ncbi.nlm.nih.gov/sos1/sra-pub-zq-38/SRR019/19606/SRR19606920/SRR19606920.lite.1
SRR19606922,SAMN28950060,HTP_2_28_21_enriched,HTP_2_28_21_enriched,Targeted-Capture,METATRANSCRIPTOMIC,PAIRED,ILLUMINA,Illumina NovaSeq 6000,2687521,542879242,202,158,https://sra-downloadb.be-md.ncbi.nlm.nih.gov/sos9/sra-pub-zq-924/SRR019/19606/SRR19606922/SRR19606922.lite.1
SRR19606924,SAMN28950059,HTP_2_28_2021_amplicon,HTP_2_28_2021_amplicon,AMPLICON,METATRANSCRIPTOMIC,PAIRED,ILLUMINA,Illumina NovaSeq 6000,8730063,2636479026,302,826,https://sra-downloadb.be-md.ncbi.nlm.nih.gov/sos8/sra-pub-zq-818/SRR019/19606/SRR19606924/SRR19606924.lite.1
SRR19606906,SAMN28950067,HTP_3_16_21_enriched,HTP_3_16_21_enriched,Targeted-Capture,METATRANSCRIPTOMIC,PAIRED,ILLUMINA,Illumina NovaSeq 6000,4910795,991980590,202,287,https://sra-downloadb.be-md.ncbi.nlm.nih.gov/sos1/sra-pub-zq-38/SRR019/19606/SRR19606906/SRR19606906.lite.1
SRR19606908,SAMN28950066,HTP_3_14_21_enriched,HTP_3_14_21_enriched,Targeted-Capture,METATRANSCRIPTOMIC,PAIRED,ILLUMINA,Illumina NovaSeq 6000,4567306,922595812,202,271,https://sra-downloadb.be-md.ncbi.nlm.nih.gov/sos8/sra-pub-zq-818/SRR019/19606/SRR19606908/SRR19606908.lite.1
SRR19606912,SAMN28950065,HTP_3_11_21_enriched,HTP_3_11_21_enriched,Targeted-Capture,METATRANSCRIPTOMIC,PAIRED,ILLUMINA,Illumina NovaSeq 6000,4375344,883819488,202,258,https://sra-downloadb.be-md.ncbi.nlm.nih.gov/sos1/sra-pub-zq-38/SRR019/19606/SRR19606912/SRR19606912.lite.1
SRR19606914,SAMN28950064,HTP_3_11_2021_amplicon,HTP_3_11_2021_amplicon,AMPLICON,METATRANSCRIPTOMIC,PAIRED,ILLUMINA,Illumina NovaSeq 6000,10839715,3273593930,302,1043,https://sra-downloadb.be-md.ncbi.nlm.nih.gov/sos8/sra-pub-zq-820/SRR019/19606/SRR19606914/SRR19606914.lite.1
SRR19606896,SAMN28950072,HTP_3_23_2021_amplicon,HTP_3_23_2021_amplicon,AMPLICON,METATRANSCRIPTOMIC,PAIRED,ILLUMINA,Illumina NovaSeq 6000,12603263,3806185426,302,1233,https://sra-downloadb.be-md.ncbi.nlm.nih.gov/sos1/sra-pub-zq-38/SRR019/19606/SRR19606896/SRR19606896.lite.1
SRR19606898,SAMN28950071,HTP_3_21_2021_enriched,HTP_3_21_2021_enriched,Targeted-Capture,METATRANSCRIPTOMIC,PAIRED,ILLUMINA,Illumina NovaSeq 6000,1151932,232690264,202,71,https://sra-downloadb.be-md.ncbi.nlm.nih.gov/sos8/sra-pub-zq-818/SRR019/19606/SRR19606898/SRR19606898.lite.1
SRR19606900,SAMN28950070,HTP_3_2_21_enriched,HTP_3_2_21_enriched,Targeted-Capture,METATRANSCRIPTOMIC,PAIRED,ILLUMINA,Illumina NovaSeq 6000,1975323,399015246,202,116,https://sra-downloadb.be-md.ncbi.nlm.nih.gov/sos9/sra-pub-zq-922/SRR019/19606/SRR19606900/SRR19606900.lite.1
SRR19606902,SAMN28950069,HTP_3_18_2021_enriched,HTP_3_18_2021_enriched,Targeted-Capture,METATRANSCRIPTOMIC,PAIRED,ILLUMINA,Illumina NovaSeq 6000,2765842,558700084,202,167,https://sra-downloadb.be-md.ncbi.nlm.nih.gov/sos1/sra-pub-zq-38/SRR019/19606/SRR19606902/SRR19606902.lite.1
SRR19606904,SAMN28950068,HTP_3_18_2021_amplicon,HTP_3_18_2021_amplicon,AMPLICON,METATRANSCRIPTOMIC,PAIRED,ILLUMINA,Illumina NovaSeq 6000,12132419,3663990538,302,1145,https://sra-downloadb.be-md.ncbi.nlm.nih.gov/sos1/sra-pub-zq-38/SRR019/19606/SRR19606904/SRR19606904.lite.1
SRR19606887,SAMN28950076,HTP_3_30_2021_enriched,HTP_3_30_2021_enriched,Targeted-Capture,METATRANSCRIPTOMIC,PAIRED,ILLUMINA,Illumina NovaSeq 6000,3761525,759828050,202,225,https://sra-downloadb.be-md.ncbi.nlm.nih.gov/sos8/sra-pub-zq-820/SRR019/19606/SRR19606887/SRR19606887.lite.1
SRR19606891,SAMN28950075,HTP_3_29_2021_enriched,HTP_3_29_2021_enriched,Targeted-Capture,METATRANSCRIPTOMIC,PAIRED,ILLUMINA,Illumina NovaSeq 6000,2430839,491029478,202,148,https://sra-downloadb.be-md.ncbi.nlm.nih.gov/sos9/sra-pub-zq-922/SRR019/19606/SRR19606891/SRR19606891.lite.1
SRR19606893,SAMN28950074,HTP_3_25_2021_enriched,HTP_3_25_2021_enriched,Targeted-Capture,METATRANSCRIPTOMIC,PAIRED,ILLUMINA,Illumina NovaSeq 6000,256482,51809364,202,15,https://sra-downloadb.be-md.ncbi.nlm.nih.gov/sos1/sra-pub-zq-38/SRR019/19606/SRR19606893/SRR19606893.lite.1
SRR19606895,SAMN28950073,HTP_3_23_2021_enriched,HTP_3_23_2021_enriched,Targeted-Capture,METATRANSCRIPTOMIC,PAIRED,ILLUMINA,Illumina NovaSeq 6000,2210862,446594124,202,136,https://sra-downloadb.be-md.ncbi.nlm.nih.gov/sos8/sra-pub-zq-820/SRR019/19606/SRR19606895/SRR19606895.lite.1
SRR19606877,SAMN28950081,HTP_4_15_2021_enriched,HTP_4_15_2021_enriched,Targeted-Capture,METATRANSCRIPTOMIC,PAIRED,ILLUMINA,Illumina NovaSeq 6000,961776,194278752,202,60,https://sra-downloadb.be-md.ncbi.nlm.nih.gov/sos9/sra-pub-zq-924/SRR019/19606/SRR19606877/SRR19606877.lite.1
SRR19606879,SAMN28950080,HTP_3_9_21_enriched,HTP_3_9_21_enriched,Targeted-Capture,METATRANSCRIPTOMIC,PAIRED,ILLUMINA,Illumina NovaSeq 6000,2129837,430227074,202,132,https://sra-downloadb.be-md.ncbi.nlm.nih.gov/sos1/sra-pub-zq-38/SRR019/19606/SRR19606879/SRR19606879.lite.1
SRR19606881,SAMN28950079,HTP_3_7_21_enriched,HTP_3_7_21_enriched,Targeted-Capture,METATRANSCRIPTOMIC,PAIRED,ILLUMINA,Illumina NovaSeq 6000,2531903,511444406,202,151,https://sra-downloadb.be-md.ncbi.nlm.nih.gov/sos8/sra-pub-zq-820/SRR019/19606/SRR19606881/SRR19606881.lite.1
SRR19606883,SAMN28950078,HTP_3_4_21_enriched,HTP_3_4_21_enriched,Targeted-Capture,METATRANSCRIPTOMIC,PAIRED,ILLUMINA,Illumina NovaSeq 6000,3111820,628587640,202,184,https://sra-downloadb.be-md.ncbi.nlm.nih.gov/sos8/sra-pub-zq-818/SRR019/19606/SRR19606883/SRR19606883.lite.1
SRR19606885,SAMN28950077,HTP_3_31_2021_enriched,HTP_3_31_2021_enriched,Targeted-Capture,METATRANSCRIPTOMIC,PAIRED,ILLUMINA,Illumina NovaSeq 6000,159575,32234150,202,9,https://sra-downloadb.be-md.ncbi.nlm.nih.gov/sos9/sra-pub-zq-924/SRR019/19606/SRR19606885/SRR19606885.lite.1
SRR19606867,SAMN28950137,HTP_7_10_2020_amplicon,HTP_7_10_2020_amplicon,AMPLICON,METATRANSCRIPTOMIC,PAIRED,ILLUMINA,Illumina NovaSeq 6000,10941911,3304457122,302,1061,https://sra-downloadb.be-md.ncbi.nlm.nih.gov/sos8/sra-pub-zq-820/SRR019/19606/SRR19606867/SRR19606867.lite.1
SRR19606869,SAMN28950085,HTP_4_22_2021_enriched,HTP_4_22_2021_enriched,Targeted-Capture,METATRANSCRIPTOMIC,PAIRED,ILLUMINA,Illumina NovaSeq 6000,8842366,1786157932,202,550,https://sra-downloadb.be-md.ncbi.nlm.nih.gov/sos1/sra-pub-zq-38/SRR019/19606/SRR19606869/SRR19606869.lite.1
SRR19606871,SAMN28950084,HTP_4_22_2021_amplicon,HTP_4_22_2021_amplicon,AMPLICON,METATRANSCRIPTOMIC,PAIRED,ILLUMINA,Illumina NovaSeq 6000,10805538,3263272476,302,1042,https://sra-downloadb.be-md.ncbi.nlm.nih.gov/sos8/sra-pub-zq-818/SRR019/19606/SRR19606871/SRR19606871.lite.1
SRR19606873,SAMN28950083,HTP_4_21_2020_amplicon,HTP_4_21_2020_amplicon,AMPLICON,METATRANSCRIPTOMIC,PAIRED,ILLUMINA,Illumina NovaSeq 6000,13037294,3937262788,302,1239,https://sra-downloadb.be-md.ncbi.nlm.nih.gov/sos1/sra-pub-zq-38/SRR019/19606/SRR19606873/SRR19606873.lite.1
SRR19606875,SAMN28950082,HTP_4_20_2021_amplicon,HTP_4_20_2021_amplicon,AMPLICON,METATRANSCRIPTOMIC,PAIRED,ILLUMINA,Illumina NovaSeq 6000,12662200,3823984400,302,1230,https://sra-downloadb.be-md.ncbi.nlm.nih.gov/sos8/sra-pub-zq-818/SRR019/19606/SRR19606875/SRR19606875.lite.1
SRR19606865,SAMN28950138,HTP_7_13_2021_enriched,HTP_7_13_2021_enriched,Targeted-Capture,METATRANSCRIPTOMIC,PAIRED,ILLUMINA,Illumina NovaSeq 6000,2664482,538225364,202,161,https://sra-downloadb.be-md.ncbi.nlm.nih.gov/sos1/sra-pub-zq-38/SRR019/19606/SRR19606865/SRR19606865.lite.1
SRR19606863,SAMN28950139,HTP_7_15_2021_enriched,HTP_7_15_2021_enriched,Targeted-Capture,METATRANSCRIPTOMIC,PAIRED,ILLUMINA,Illumina NovaSeq 6000,4694907,948371214,202,285,https://sra-downloadb.be-md.ncbi.nlm.nih.gov/sos1/sra-pub-zq-38/SRR019/19606/SRR19606863/SRR19606863.lite.1
SRR19606861,SAMN28950140,HTP_7_20_2021_amplicon,HTP_7_20_2021_amplicon,AMPLICON,METATRANSCRIPTOMIC,PAIRED,ILLUMINA,Illumina NovaSeq 6000,9747450,2943729900,302,926,https://sra-downloadb.be-md.ncbi.nlm.nih.gov/sos1/sra-pub-zq-38/SRR019/19606/SRR19606861/SRR19606861.lite.1
SRR19606859,SAMN28950141,HTP_7_21_2020_amplicon,HTP_7_21_2020_amplicon,AMPLICON,METATRANSCRIPTOMIC,PAIRED,ILLUMINA,Illumina NovaSeq 6000,9920067,2995860234,302,970,https://sra-downloadb.be-md.ncbi.nlm.nih.gov/sos1/sra-pub-zq-38/SRR019/19606/SRR19606859/SRR19606859.lite.1
SRR19606857,SAMN28950142,HTP_7_22_2021_enriched,HTP_7_22_2021_enriched,Targeted-Capture,METATRANSCRIPTOMIC,PAIRED,ILLUMINA,Illumina NovaSeq 6000,3732972,754060344,202,224,https://sra-downloadb.be-md.ncbi.nlm.nih.gov/sos1/sra-pub-zq-38/SRR019/19606/SRR19606857/SRR19606857.lite.1
SRR19606855,SAMN28950143,HTP_7_25_2021_amplicon,HTP_7_25_2021_amplicon,AMPLICON,METATRANSCRIPTOMIC,PAIRED,ILLUMINA,Illumina NovaSeq 6000,11970705,3615152910,302,1133,https://sra-downloadb.be-md.ncbi.nlm.nih.gov/sos1/sra-pub-zq-38/SRR019/19606/SRR19606855/SRR19606855.lite.1
SRR19606853,SAMN28950144,HTP_7_29_2021_enriched,HTP_7_29_2021_enriched,Targeted-Capture,METATRANSCRIPTOMIC,PAIRED,ILLUMINA,Illumina NovaSeq 6000,4189663,846311926,202,263,https://sra-downloadb.be-md.ncbi.nlm.nih.gov/sos8/sra-pub-zq-818/SRR019/19606/SRR19606853/SRR19606853.lite.1
SRR19606851,SAMN28950145,HTP_7_5_2020_amplicon,HTP_7_5_2020_amplicon,AMPLICON,METATRANSCRIPTOMIC,PAIRED,ILLUMINA,Illumina NovaSeq 6000,10673234,3223316668,302,1023,https://sra-downloadb.be-md.ncbi.nlm.nih.gov/sos8/sra-pub-zq-820/SRR019/19606/SRR19606851/SRR19606851.lite.1
SRR19606847,SAMN28950146,HTP_7_6_2020_amplicon,HTP_7_6_2020_amplicon,AMPLICON,METATRANSCRIPTOMIC,PAIRED,ILLUMINA,Illumina NovaSeq 6000,13728798,4146096996,302,1328,https://sra-downloadb.be-md.ncbi.nlm.nih.gov/sos8/sra-pub-zq-820/SRR019/19606/SRR19606847/SRR19606847.lite.1
SRR19606836,SAMN28950150,HTP_9_1_2020_amplicon,HTP_9_1_2020_amplicon,AMPLICON,METATRANSCRIPTOMIC,PAIRED,ILLUMINA,Illumina NovaSeq 6000,11324098,3419877596,302,1072,https://sra-downloadb.be-md.ncbi.nlm.nih.gov/sos8/sra-pub-zq-820/SRR019/19606/SRR19606836/SRR19606836.lite.1
SRR19606838,SAMN28950149,HTP_7_8_2021_enriched,HTP_7_8_2021_enriched,Targeted-Capture,METATRANSCRIPTOMIC,PAIRED,ILLUMINA,Illumina NovaSeq 6000,1687316,340837832,202,103,https://sra-downloadb.be-md.ncbi.nlm.nih.gov/sos1/sra-pub-zq-38/SRR019/19606/SRR19606838/SRR19606838.lite.1
SRR19606841,SAMN28950148,HTP_7_8_2021_amplicon,HTP_7_8_2021_amplicon,AMPLICON,METATRANSCRIPTOMIC,PAIRED,ILLUMINA,Illumina NovaSeq 6000,10771493,3252990886,302,1025,https://sra-downloadb.be-md.ncbi.nlm.nih.gov/sos8/sra-pub-zq-820/SRR019/19606/SRR19606841/SRR19606841.lite.1
SRR19606844,SAMN28950147,HTP_7_7_2020_amplicon,HTP_7_7_2020_amplicon,AMPLICON,METATRANSCRIPTOMIC,PAIRED,ILLUMINA,Illumina NovaSeq 6000,10909114,3294552428,302,1037,https://sra-downloadb.be-md.ncbi.nlm.nih.gov/sos1/sra-pub-zq-38/SRR019/19606/SRR19606844/SRR19606844.lite.1
